{
  "a9cdb0cb-798f-40a2-98bf-cc02fed9358b": {
    "0": {
      "dimID": 0,
      "x": -243.62212172942236,
      "y": 64.0,
      "z": 353.3522789895792
    }
  }
}