{
  "a9cdb0cb-798f-40a2-98bf-cc02fed9358b": {
    "0": {
      "dimID": 0,
      "x": -154.63093811006948,
      "y": 67.0,
      "z": 263.7481542904742
    }
  }
}